datum,M01AB,M01AE,N02BA,N02BE,N05B,N05C,R03,R06,Year,Month,Hour,Weekday Name,granularity
1/29/2017 19:00,0.416666667,0.416666667,0.833333333,2.916666667,1.25,0.416666667,0.416666667,0.416666667,2017,1,19,Sunday,hourly
8/5/2018 19:00,1.0,0.33,1.0,1.0,1.0,2.0,1.0,1.0,2018,8,19,Sunday,hourly
